"last_name, first_name","player_id","year","p_formatted_ip","home_run","k_percent","bb_percent","p_wild_pitch","p_era","xba","xslg","xwoba","exit_velocity_avg","launch_angle_avg","barrel_batted_rate","hard_hit_percent","oz_swing_percent","whiff_percent"
"Colon, Bartolo",112526,2016,"191.2",24,16.2,4,"0","3.43",".272",".433",".318","90","12.2",5.3,37.6,30.2,13.6
"Dickey, R.A.",285079,2016,"169.2",28,17.3,8.7,"5","4.46",".275",".467",".350","87.6","12.8",7.3,35.5,26.7,23.6
"Lackey, John",407793,2016,"188.1",23,24.1,7.1,"4","3.35",".247",".412",".316","89.7","14.5",5.9,38.1,31.1,25.5
"Santana, Ervin",429722,2016,"181.1",19,19.9,7.1,"11","3.38",".253",".412",".313","88.3","13.1",5.9,31.7,30.6,22.9
"Hamels, Cole",430935,2016,"200.2",24,23.6,9.1,"4","3.32",".244",".395",".315","87.6","8",6,35.7,33.7,27.2
"Verlander, Justin",434378,2016,"227.2",30,28.1,6.3,"6","3.04",".206",".362",".274","87.9","19.5",7.5,32.9,32.8,26.9
"Liriano, Francisco",434538,2016,"163.0",26,23,11.6,"9","4.69",".235",".386",".320","88.4","6.4",6.4,33.3,29.2,28.2
"Hammel, Jason",434628,2016,"166.2",25,20.8,7.7,"9","3.83",".249",".434",".324","90","12.4",7.2,37.2,30,23.8
"Nolasco, Ricky",445060,2016,"197.2",26,17.6,5.4,"7","4.42",".262",".433",".318","88.7","11.6",6.4,35.9,29.1,20.9
"Weaver, Jered",450308,2016,"178.0",37,13.4,6.7,"1","5.06",".281",".497",".352","88.2","21.1",7.4,32.1,28,18.8
"Fister, Doug",450729,2016,"180.1",24,14.8,8,"10","4.64",".268",".429",".331","87.5","10.7",4.5,35.7,28,15.6
"Lester, Jon",452657,2016,"202.2",21,24.7,6.5,"4","2.44",".220",".339",".272","87.4","11.6",4.1,29.2,29.2,24
"Kennedy, Ian",453178,2016,"195.2",33,22.5,8.1,"4","3.68",".239",".433",".323","89.3","19.3",7.7,38.7,28.6,23.4
"Price, David",456034,2016,"230.0",30,24,5.3,"4","3.99",".241",".400",".298","87.8","11.5",6.3,33,30.9,24.8
"Gonzalez, Gio",461829,2016,"177.1",19,22.4,7.7,"7","4.57",".251",".406",".316","88.7","9.1",5.9,33.8,27.9,23.4
"Estrada, Marco",462136,2016,"176.0",23,22.8,9,"5","3.48",".221",".377",".296","88.1","21.3",7.4,31.5,27.3,26.2
"Nova, Iván",467100,2016,"162.0",23,18.6,4.1,"10","4.17",".266",".445",".323","90.7","5.2",6.7,41,35.3,20.5
"Tillman, Chris",501957,2016,"172.0",19,19.6,9.2,"9","3.77",".255",".422",".330","89","12.4",7.8,35.3,25.8,21.9
"Samardzija, Jeff",502188,2016,"203.1",24,20.1,6.5,"2","3.81",".248",".416",".307","88.7","10.9",6.1,35.1,29,20.7
"Leake, Mike",502190,2016,"176.2",20,16.5,4,"7","4.69",".280",".449",".327","89","6.2",6.2,36.8,30.1,16.3
"Bumgarner, Madison",518516,2016,"226.2",26,27.5,5.9,"4","2.74",".215",".372",".279","88.5","15.6",6.7,31.2,30.5,25.9
"Duffy, Danny",518633,2016,"179.2",27,25.7,5.7,"4","3.51",".237",".427",".308","89.5","15.8",7.9,36,30.3,27.3
"Sale, Chris",519242,2016,"226.2",27,25.7,5,"2","3.34",".235",".382",".294","88.7","14.6",5.7,33.3,31.3,24.8
"Pérez, Martín",527048,2016,"198.2",18,12,8.9,"3","4.39",".287",".457",".354","89.6","6.5",6,37.4,30.4,18.4
"Hendricks, Kyle",543294,2016,"190.0",15,22.8,5.9,"5","2.13",".213",".321",".259","86.6","10.1",3.4,26.2,31.5,24.7
"Koehler, Tom",543408,2016,"176.2",22,19,10.7,"9","4.33",".260",".417",".333","87.8","12",6.7,33.4,27.8,23.5
"McHugh, Collin",543521,2016,"184.2",25,22.3,6.8,"9","4.34",".233",".372",".289","87","14.3",4.7,28.3,31.2,23.9
"Roark, Tanner",543699,2016,"210.0",17,20.1,8.5,"6","2.83",".240",".378",".305","87.4","8.7",5.4,30.3,29.5,21.9
"Iwakuma, Hisashi",547874,2016,"199.0",28,17.6,5.5,"4","4.12",".275",".444",".329","88.7","14.6",5.8,33.9,31.1,17.4
"Tanaka, Masahiro",547888,2016,"199.2",22,20.5,4.5,"7","3.07",".250",".388",".293","88.9","9",4.3,36.3,34.5,23.3
"Fiers, Mike",571666,2016,"168.2",26,18.5,5.8,"17","4.48",".274",".449",".332","89.8","12.1",6.1,39.2,27,21.6
"Straily, Dan",573185,2016,"191.1",31,20.5,9.2,"3","3.76",".242",".423",".324","88.9","18.9",7.5,35,27.1,23.4
"Gausman, Kevin",592332,2016,"179.2",28,23,6.2,"8","3.61",".250",".421",".314","88.7","12.6",7.2,33.7,34.8,25.4
"Ray, Robbie",592662,2016,"174.1",24,28.1,9.1,"8","4.90",".245",".407",".317","89.9","12.3",6.9,39.3,28,26.6
"Sanchez, Aaron",592717,2016,"192.0",15,20.4,8,"5","3.00",".251",".399",".313","90","4.5",6.1,39.8,24.6,21
"Smyly, Drew",592767,2016,"175.1",32,22.6,6.6,"10","4.88",".233",".407",".300","87.8","21.4",6.7,31,28.6,25
"Davies, Zach",605200,2016,"163.1",20,19.8,5.6,"3","3.97",".242",".376",".293","87.6","11.4",5.2,28.6,30.7,20.3
"Fernández, José",605228,2016,"182.1",13,34.3,7.5,"9","2.86",".219",".328",".269","89.2","11.6",3.8,36.2,31.7,32.8
"Graveman, Kendall",608665,2016,"186.0",22,13.8,6,"2","4.11",".291",".461",".345","89.6","6",5.5,38.7,27.1,18.1
"Dickey, R.A.",285079,2017,"190.0",26,16.7,8.2,"13","4.26",".257",".398",".318","86.2","10.1",4.3,30.8,26.7,21
"Lackey, John",407793,2017,"170.2",36,20.4,7.3,"11","4.59",".268",".470",".344","88.2","14.3",6.8,36.2,28.8,23.1
"Santana, Ervin",429722,2017,"211.1",31,19.4,7.1,"12","3.28",".235",".398",".300","86","16.1",5.9,30.1,30.4,23.4
"Verlander, Justin",434378,2017,"206.0",27,25.8,8.5,"5","3.36",".240",".420",".315","87.6","16.4",7.2,35.6,29.1,23.6
"Hammel, Jason",434628,2017,"180.1",26,18,6,"7","5.29",".278",".475",".345","88.2","16.2",7.1,33.9,28.9,21.5
"Nolasco, Ricky",445060,2017,"181.0",35,18.2,7.4,"4","4.92",".291",".517",".365","90","14.6",8.4,40,26.1,25.4
"Vargas, Jason",450306,2017,"179.2",27,17.7,7.7,"6","4.16",".256",".435",".325","87.1","14.9",5.5,32.7,26.2,23.6
"Lester, Jon",452657,2017,"180.2",26,23.6,7.9,"3","4.33",".240",".391",".304","86.4","10.3",5.4,29.5,28.8,25.2
"Richard, Clayton",453385,2017,"197.1",24,17.6,6.9,"7","4.79",".278",".412",".324","87.4","1.8",4.4,33.3,31.6,20.6
"Lynn, Lance",458681,2017,"186.1",27,19.7,10.1,"2","3.43",".234",".398",".315","86.6","12.2",5.8,27.5,24.3,22.7
"Gonzalez, Gio",461829,2017,"201.0",21,22.7,9.6,"7","2.96",".226",".364",".295","86.1","11.7",4.9,27.9,23.6,22.3
"Estrada, Marco",462136,2017,"186.0",31,21.8,8.8,"1","4.98",".229",".409",".305","87","21.8",7,30.2,27.3,24.2
"Nova, Iván",467100,2017,"187.0",29,16.7,4.6,"8","4.14",".282",".479",".340","89.4","9.2",6.5,36.8,31.8,17.9
"Carrasco, Carlos",471911,2017,"200.0",21,28.3,5.8,"10","3.29",".235",".389",".295","87.4","9.6",7.4,34.6,29.4,29.8
"Kershaw, Clayton",477132,2017,"175.0",23,29.8,4.4,"4","2.31",".213",".364",".263","85.3","10.3",6.3,27.1,31.8,29.9
"Cobb, Alex",502171,2017,"179.1",22,17.3,5.9,"8","3.66",".269",".432",".324","88.2","9.3",6,35.1,28.2,16.9
"Samardzija, Jeff",502188,2017,"207.2",30,24.2,3.8,"2","4.42",".247",".425",".301","87.4","12.4",6.3,33.8,30.4,22.5
"Leake, Mike",502190,2017,"186.0",20,16.6,4.7,"3","3.92",".273",".432",".319","87.6","6.1",5.1,36.4,27.8,18.5
"Darvish, Yu",506433,2017,"186.2",27,27.3,7.6,"12","3.86",".233",".378",".295","86.2","13.2",6.3,31.4,27.4,28
"Sale, Chris",519242,2017,"214.1",24,36.2,5.1,"3","2.90",".194",".336",".252","86.8","15",6.1,30.5,33,31.8
"Pérez, Martín",527048,2017,"185.0",23,14.2,7.8,"4","4.82",".296",".469",".356","87.1","9.8",5.4,32.4,29.4,17.9
"Cole, Gerrit",543037,2017,"203.0",31,23.1,6.5,"7","4.26",".256",".427",".317","86.3","11.1",7.6,34.4,25.6,21.9
"Roark, Tanner",543699,2017,"181.1",23,21.4,8.2,"3","4.67",".256",".403",".314","86.9","10",5.4,33.1,27.7,23.5
"Tanaka, Masahiro",547888,2017,"178.1",35,25.8,5.5,"7","4.74",".247",".444",".315","88","8.8",8.6,36.2,33.6,31.2
"Corbin, Patrick",571578,2017,"189.2",26,21.5,7.4,"10","4.03",".263",".427",".320","87.9","7.8",6.7,35.6,29.1,25.6
"Straily, Dan",573185,2017,"181.2",31,22.1,7.8,"2","4.26",".235",".413",".306","87.2","18.5",6.9,29.2,29.8,26.6
"Gausman, Kevin",592332,2017,"186.2",29,21.9,8.7,"8","4.68",".271",".456",".343","87.7","11.8",8.2,33.7,28,25.9
"Ray, Robbie",592662,2017,"162.0",23,32.8,10.7,"8","2.89",".215",".370",".297","89.9","14.4",6.2,41,27.5,34.4
"Davies, Zach",605200,2017,"191.1",20,15.2,6.7,"2","3.90",".286",".429",".336","86.2","7.4",4,31.1,24.7,18.3
"Wacha, Michael",608379,2017,"165.2",17,22.5,7.8,"5","4.13",".249",".391",".305","87.2","9.8",5.6,30.1,26.7,23
"Márquez, Germán",608566,2017,"162.0",25,21,7,"6","4.39",".258",".434",".324","88.7","9.1",7.1,36,22.9,20.7
"Hamels, Cole",430935,2018,"190.2",29,23.4,8.1,"7","3.78",".255",".422",".332","88.6","10.9",7.5,35.9,29.3,27
"Verlander, Justin",434378,2018,"214.0",28,34.8,4.4,"5","2.52",".184",".309",".237","88.5","22.1",6.2,32.7,31.1,31.6
"Lester, Jon",452657,2018,"181.2",24,19.6,8.4,"4","3.32",".267",".449",".342","88.7","13.7",6.6,35.4,22.7,20.3
"LeBlanc, Wade",453281,2018,"162.0",24,19.6,6,"1","3.72",".251",".431",".317","87.4","16.1",9,34.6,30.1,21.9
"Price, David",456034,2018,"176.0",25,24.5,6.9,"1","3.58",".239",".409",".313","88.7","14.7",7,35.7,28.3,22.9
"Gonzalez, Gio",461829,2018,"171.0",17,19.8,10.7,"5","4.21",".255",".412",".329","87.7","11.2",5.8,34.5,25.4,24
"Carrasco, Carlos",471911,2018,"192.0",21,29.5,5.5,"9","3.38",".228",".371",".283","89.7","9.8",6,39.1,33.8,33.1
"Gibson, Kyle",502043,2018,"196.2",23,21.7,9.6,"8","3.62",".251",".392",".319","87.8","7.9",5.7,36.4,29.9,26.8
"Leake, Mike",502190,2018,"185.2",23,15.2,4.3,"2","4.36",".297",".471",".348","89.7","8.5",6.7,39.6,30.2,16.7
"Cole, Gerrit",543037,2018,"200.1",19,34.5,8,"9","2.88",".197",".337",".271","89.1","15.8",6.2,39.8,29.2,30.9
"Hendricks, Kyle",543294,2018,"199.0",22,19.8,5.4,"0","3.44",".243",".388",".299","86.4","10.3",5.7,30.8,29.7,22.1
"Roark, Tanner",543699,2018,"180.1",24,19.2,6.6,"5","4.34",".255",".417",".318","87.8","14.5",6,33.6,28.2,20.4
"Corbin, Patrick",571578,2018,"200.0",15,30.8,6,"8","3.15",".232",".361",".283","88.4","7.8",5.8,35.6,34.7,34.7
"Fiers, Mike",571666,2018,"172.0",32,19.5,5.2,"4","3.56",".254",".480",".336","89.8","16.8",10.4,37.4,27.4,19.9
"Mikolas, Miles",571945,2018,"200.2",16,18.1,3.6,"2","2.83",".245",".379",".285","86.7","8.2",5.1,29.4,34.1,20.2
"Gausman, Kevin",592332,2018,"183.2",26,19.1,6.4,"6","3.92",".269",".446",".333","89","10.8",7.4,40.8,30.2,24.7
"Taillon, Jameson",592791,2018,"191.0",20,22.8,5.9,"2","3.20",".237",".373",".289","87.8","10.4",4.3,31.9,30.9,23.8
"Clevinger, Mike",605182,2018,"200.0",21,25.6,8.3,"4","3.02",".214",".354",".283","87","14.3",5.6,31.8,27.5,27.8
"Freeland, Kyle",607536,2018,"202.1",17,20.5,8.3,"2","2.85",".238",".373",".299","86.8","12",5,29.2,28.2,21.8
"Giolito, Lucas",608337,2018,"173.1",27,16.1,11.6,"13","6.13",".255",".432",".348","88.7","13.3",7,37.1,24.8,21.4
"Márquez, Germán",608566,2018,"196.0",24,28.2,7,"8","3.77",".225",".359",".283","89.5","9.2",5.6,39.1,28.2,28.5
"Berríos, José",621244,2018,"192.1",25,25.3,7.7,"2","3.84",".223",".366",".295","87.3","14.3",6,34.4,30.6,26.1
"Godley, Zack",643327,2018,"178.1",16,23.4,10.2,"17","4.74",".255",".403",".333","89.7","7.5",6.4,38.8,29.2,28.2
"Newcomb, Sean",656794,2018,"164.0",18,23,11.6,"4","3.90",".220",".348",".297","87.6","13",4.2,31.9,24.9,24.9
"Verlander, Justin",434378,2019,"223.0",36,35.4,5,"4","2.58",".186",".346",".248","87.3","18.5",7.2,33.3,35.3,33.6
"Sánchez, Aníbal",434671,2019,"166.0",22,18.8,8.1,"1","3.85",".251",".421",".312","87","14.7",6.6,28.3,32.2,22.4
"Lester, Jon",452657,2019,"171.2",26,21.6,6.8,"3","4.46",".274",".456",".336","88.6","12.2",7.4,34.7,28.1,21.1
"Lynn, Lance",458681,2019,"208.1",21,28.1,6.7,"18","3.67",".222",".372",".283","87.9","13.8",5.9,33.8,28.3,28.5
"Nova, Iván",467100,2019,"187.0",30,14.1,5.8,"7","4.72",".295",".477",".352","88.8","10.7",7.2,38.4,30.9,18.5
"Kershaw, Clayton",477132,2019,"178.1",28,26.8,5.8,"7","3.03",".230",".393",".289","88.7","11.8",6.6,34.1,34.3,27.7
"Samardzija, Jeff",502188,2019,"181.1",28,18.9,6.6,"5","3.52",".253",".465",".326","89.5","16.9",8.3,37.7,28.2,20.2
"Leake, Mike",502190,2019,"197.0",41,15.2,3.2,"2","4.29",".294",".519",".354","90.7","11.6",8.8,42.9,30.4,18
"Darvish, Yu",506433,2019,"178.2",33,31.3,7.7,"11","3.98",".223",".398",".297","88.6","12.6",7.4,37.5,31.7,30.4
"Bumgarner, Madison",518516,2019,"207.2",30,24.1,5.1,"3","3.90",".254",".459",".321","90.4","18.3",9,41.8,31.6,24.6
"Kelly, Merrill",518876,2019,"183.1",29,20.3,7.3,"4","4.42",".271",".492",".344","89.9","12.5",9.5,40,27.6,22.4
"Pérez, Martín",527048,2019,"165.1",23,18.3,9.1,"3","5.12",".245",".384",".306","86.2","9.5",5.3,29.7,32.7,21.7
"Cole, Gerrit",543037,2019,"212.1",29,39.9,5.9,"4","2.50",".181",".315",".237","87.6","14",5.9,35.5,32.3,37.2
"Hendricks, Kyle",543294,2019,"177.0",19,20.5,4.4,"1","3.46",".247",".393",".294","86.5","14.2",5.4,31.5,33.5,22.1
"Roark, Tanner",543699,2019,"165.1",28,21.9,7.1,"3","4.35",".269",".466",".341","89","15.5",8.4,37.3,26,21.1
"Tanaka, Masahiro",547888,2019,"182.0",28,19.6,5.3,"7","4.45",".261",".434",".316","89.1","11.1",6.2,37.9,34.7,23.2
"Ryu, Hyun Jin",547943,2019,"182.2",17,22.5,3.3,"0","2.32",".249",".370",".281","86.6","7.2",4.7,30.8,33.5,24.9
"Corbin, Patrick",571578,2019,"202.0",24,28.5,8.4,"4","3.25",".227",".414",".303","89.9","8.4",9.4,38.7,34.4,31.7
"Fiers, Mike",571666,2019,"184.2",30,16.7,7,"13","3.90",".260",".463",".335","88.1","15.7",7.2,38.3,26.9,18.2
"Mikolas, Miles",571945,2019,"184.0",27,18.8,4.2,"5","4.16",".278",".451",".329","88.5","10.3",6.1,36.6,33.4,21.7
"Ray, Robbie",592662,2019,"174.1",30,31.5,11.2,"7","4.34",".228",".428",".322","88.9","14.8",10.7,38.6,30.2,32.7
"Giolito, Lucas",608337,2019,"176.2",24,32.3,8.1,"6","3.41",".214",".368",".283","88.1","17.7",9.4,34.6,27.7,32.4
"Márquez, Germán",608566,2019,"174.0",29,24.3,4.9,"14","4.76",".270",".458",".327","91.1","7.2",7.9,43.1,30.5,26.6
"Eflin, Zach",621107,2019,"163.1",28,18.3,6.8,"1","4.13",".247",".415",".307","88.2","12",6.9,32.8,30.3,20.3
"Berríos, José",621244,2019,"200.1",26,23.2,6.1,"8","3.68",".245",".416",".304","87","13.9",6.5,32,33.5,23.5
"Hudson, Dakota",641712,2019,"174.2",22,18,11.4,"5","3.35",".262",".421",".337","89.3","3.3",6.8,38.8,25.1,23.7
"Alcantara, Sandy",645261,2019,"197.1",23,18,9.7,"4","3.88",".244",".424",".322","87.3","11.8",6.5,34.3,31.3,23.8
"Soroka, Michael",647336,2019,"174.2",14,20.3,5.8,"3","2.68",".258",".391",".305","88.2","6.7",5.1,37.5,31.3,22.9
"Flaherty, Jack",656427,2019,"196.1",25,29.9,7.1,"6","2.75",".215",".366",".279","86.6","15.5",6.9,30.3,29.8,30.7
"Lester, Jon",452657,2020,"61.0",11,15.8,6.4,"2","5.16",".279",".517",".363","88.9","11.9",12.3,38.9,25.9,18.1
"Lynn, Lance",458681,2020,"84.0",13,25.9,7.3,"2","3.32",".208",".349",".279","88.6","17.5",5.4,37.5,27.1,25.4
"Carrasco, Carlos",471911,2020,"68.0",8,29.3,9.6,"6","2.91",".221",".367",".300","88","10.3",8.3,34.9,30.1,32.8
"Gibson, Kyle",502043,2020,"67.1",12,19.3,10,"1","5.35",".283",".452",".360","88.2","6.2",7.2,39.6,26.9,23.3
"Darvish, Yu",506433,2020,"76.0",5,31.3,4.7,"3","2.01",".228",".346",".269","88.7","11.9",6.4,34.2,30.3,32.1
"Pérez, Martín",527048,2020,"62.0",8,17.6,10.7,"2","4.50",".250",".422",".334","86.3","14.3",7.6,29.2,23.6,22.1
"Cole, Gerrit",543037,2020,"73.0",14,32.6,5.9,"2","2.84",".198",".381",".273","90.4","16.4",9.1,44.6,33.1,34.2
"Hendricks, Kyle",543294,2020,"81.1",10,20.3,2.5,"1","2.88",".236",".382",".274","86.1","11",4.5,32,31.9,24.9
"Ryu, Hyun Jin",547943,2020,"67.0",6,26.2,6.2,"1","2.69",".232",".334",".274","87","9.6",3.2,29.2,31.2,26.2
"Corbin, Patrick",571578,2020,"65.2",10,20.3,6.1,"1","4.66",".289",".469",".343","90.7","11.9",6.5,44.2,33.7,23.6
"Davies, Zach",605200,2020,"69.1",9,22.8,6.9,"2","2.73",".268",".475",".344","87.5","14.6",10.3,36.6,26.4,25.5
"Freeland, Kyle",607536,2020,"70.2",9,15.1,7.6,"0","4.33",".283",".436",".343","87.3","7.4",5.6,35.8,30.7,20.5
"Giolito, Lucas",608337,2020,"72.1",8,33.7,9.7,"3","3.48",".196",".322",".270","87","15.2",5.6,35.4,28.3,36.6
"Márquez, Germán",608566,2020,"81.2",6,21.2,7.3,"4","3.75",".259",".391",".315","88.8","7.2",4.9,40.2,28.1,26.3
"Berríos, José",621244,2020,"63.0",8,25.1,9.6,"5","4.00",".248",".400",".322","88.7","14",6.3,39.7,31.3,27.5
"Lamet, Dinelson",659275,2020,"69.0",5,34.8,7.5,"1","2.09",".186",".317",".259","88.7","16.9",7.3,40,30.8,32.7
"Valdez, Framber",664285,2020,"70.2",5,26.4,5.6,"6","3.57",".239",".378",".301","91.4","-0.8",7.9,48.7,26.8,24.5
"Gibson, Kyle",502043,2021,"182.0",17,20.6,8.5,"2","3.71",".238",".370",".302","88.8","7.4",4.9,39.1,28.5,25.2
"Darvish, Yu",506433,2021,"166.1",28,29.2,6.5,"9","4.22",".203",".374",".280","88.2","16.6",8.8,34.9,26.1,27.3
"Cole, Gerrit",543037,2021,"181.1",24,33.5,5.6,"5","3.23",".204",".369",".271","88.7","12.5",9.8,38.6,32,31.9
"Eovaldi, Nathan",543135,2021,"182.1",15,25.5,4.6,"6","3.75",".235",".373",".285","88","12.8",6.3,36.4,30.4,25.9
"Hendricks, Kyle",543294,2021,"181.0",31,16.7,5.6,"2","4.77",".270",".458",".338","86.3","11.1",8.4,33,32.5,20.1
"Lyles, Jordan",543475,2021,"180.0",38,19,7.3,"9","5.15",".270",".486",".350","89.9","15.3",9.1,41.6,27.8,23.5
"Ryu, Hyun Jin",547943,2021,"169.0",24,20.4,5.3,"2","4.37",".259",".442",".322","89.6","9.8",8.5,41.6,30.5,22.6
"Corbin, Patrick",571578,2021,"171.2",37,19,8,"0","5.82",".277",".497",".358","89.4","9",9.2,41.2,32.1,24.9
"Gausman, Kevin",592332,2021,"192.0",20,29.3,6.5,"7","2.81",".228",".388",".291","89.1","12.1",7.1,40.9,32.7,31.4
"Ray, Robbie",592662,2021,"193.1",33,32.1,6.7,"5","2.84",".215",".401",".293","90.4","17.6",9.8,43.1,30.2,32.3
"Montas, Frankie",593423,2021,"187.0",20,26.6,7.3,"11","3.37",".231",".404",".305","89.3","11.6",8.7,42.3,32.6,29.6
"Giolito, Lucas",608337,2021,"178.2",27,28,7.1,"12","3.53",".218",".369",".281","87.7","18.3",6.7,34.2,28.7,32.2
"Márquez, Germán",608566,2021,"180.0",21,23.3,8.5,"15","4.40",".247",".394",".310","88.9","5.2",5.3,39.3,25.7,27.2
"McCullers Jr., Lance",621121,2021,"162.1",13,27,11.1,"7","3.16",".205",".314",".284","89.8","5.1",5.3,40.7,26.1,30.2
"Berríos, José",621244,2021,"192.0",22,26.1,5.8,"3","3.52",".238",".412",".312","88.4","12.4",9.1,38.3,31.1,23.7
"Flexen, Chris",623167,2021,"179.2",19,16.9,5.4,"2","3.61",".258",".433",".319","89.5","11.5",6.3,38.1,28.7,19.3
"Urías, Julio",628711,2021,"185.2",19,26.2,5.1,"2","2.96",".217",".366",".274","86","15.5",5.3,30.3,32.2,24.3
"Mahle, Tyler",641816,2021,"180.0",24,27.7,8.4,"4","3.75",".226",".366",".298","87.8","13.3",6.5,34.3,25.9,28.4
"Alcantara, Sandy",645261,2021,"205.2",21,24,6,"6","3.19",".228",".374",".289","87.6","4.5",6.1,39.4,33.9,27.5
"Verlander, Justin",434378,2022,"175.0",12,27.8,4.4,"3","1.75",".206",".342",".258","87.8","16.9",6.3,34.8,32.2,24.2
"Gibson, Kyle",502043,2022,"167.2",24,20.1,6.7,"4","5.05",".258",".430",".326","88.6","10.6",7.5,37.5,30.6,25.2
"Darvish, Yu",506433,2022,"194.2",22,25.6,4.8,"4","3.10",".225",".402",".294","88.5","17",8.8,37.1,30.3,25.1
"Kelly, Merrill",518876,2022,"200.1",21,22,7.6,"4","3.37",".229",".397",".299","88.5","14",8.3,36.5,29.9,23.6
"Pérez, Martín",527048,2022,"196.1",11,20.6,8.4,"6","2.89",".241",".359",".299","88.2","8.1",4.3,34.9,27.6,21
"Cole, Gerrit",543037,2022,"200.2",33,32.4,6.3,"2","3.50",".214",".402",".290","89.4","12.6",9.5,40.2,32.4,34.1
"Lyles, Jordan",543475,2022,"179.0",26,18.6,6.7,"5","4.42",".265",".466",".343","88.6","15.3",10.4,38.8,28.4,21.9
"Mikolas, Miles",571945,2022,"202.1",25,19,4.8,"1","3.29",".251",".414",".310","87.8","11",6.9,36,27.9,18.7
"Gausman, Kevin",592332,2022,"174.2",15,28.3,3.9,"2","3.35",".241",".391",".288","89","12.2",8.1,38.5,39.8,29.4
"Ray, Robbie",592662,2022,"189.0",32,27.4,8,"5","3.71",".222",".388",".299","89.7","14.7",7.9,39.1,31,30
"Taillon, Jameson",592791,2022,"177.1",26,20.7,4.4,"3","3.91",".259",".446",".321","88.5","14.5",8.3,36.2,31.3,23.1
"Freeland, Kyle",607536,2022,"174.2",19,17.1,6.9,"4","4.53",".270",".476",".352","89.8","12.7",9.7,42.4,27.6,20.8
"Márquez, Germán",608566,2022,"181.2",30,19.3,8.1,"8","4.95",".254",".438",".330","90.5","9.1",7.1,47.2,28.7,23.2
"Berríos, José",621244,2022,"172.0",29,19.8,6,"3","5.23",".274",".483",".350","90","13.9",9.5,43.8,31.7,21.3
"Urías, Julio",628711,2022,"175.0",23,24.1,6,"0","2.16",".204",".346",".266","86.7","17.2",6.7,30.4,32.2,23.9
"López, Pablo",641154,2022,"180.0",21,23.6,7.2,"4","3.75",".236",".386",".301","87.9","11",9,35.1,31.4,28.2
"Alcantara, Sandy",645261,2022,"228.2",16,23.4,5.6,"3","2.28",".215",".342",".270","87.8","5.5",5.3,38.5,34.7,25.4
"Wright, Kyle",657140,2022,"180.1",19,23.6,7.2,"7","3.19",".243",".395",".309","89","4.4",6.8,41.1,29.7,26.5
"McKenzie, Triston",663474,2022,"191.1",25,25.6,5.9,"8","2.96",".220",".416",".298","90.2","19.7",9.8,40.6,32,26.8
"McClanahan, Shane",663556,2022,"166.1",19,30.3,5.8,"9","2.54",".206",".339",".262","87.6","8.3",6.4,32.6,32.4,34.3
"Valdez, Framber",664285,2022,"201.1",11,23.5,8.1,"11","2.82",".225",".335",".285","89.8","-3.6",5.8,41.6,27.9,25.8
"Manoah, Alek",666201,2022,"196.2",16,22.9,6.5,"5","2.24",".224",".352",".286","87.5","16.9",5.4,31.5,30.9,24.9
"Verlander, Justin",434378,2023,"162.1",18,21.5,6.7,"5","3.22",".225",".394",".295","90","18.9",8.2,41.3,30.6,22.5
"Lynn, Lance",458681,2023,"183.2",44,23.6,8.3,"3","5.73",".247",".461",".336","88.7","17",10.4,39.3,28.3,28.8
"Gibson, Kyle",502043,2023,"192.0",23,19.5,6.8,"8","4.73",".264",".445",".333","89.7","8.2",7.6,44.5,27.8,25.4
"Kelly, Merrill",518876,2023,"177.2",20,25.9,9.4,"3","3.29",".240",".393",".313","89.6","11.8",7.8,41.8,33,27
"Cole, Gerrit",543037,2023,"209.0",20,27,5.8,"4","2.63",".229",".380",".288","89.2","14.8",7.6,39.2,29.9,26.2
"Lyles, Jordan",543475,2023,"177.2",39,16,6,"10","6.28",".260",".483",".339","89","19.8",9.9,35.5,28.4,20.1
"Corbin, Patrick",571578,2023,"180.0",33,15.7,7.2,"6","5.20",".298",".520",".373","90.7","11.7",9.3,44,27.1,21.4
"Mikolas, Miles",571945,2023,"201.1",26,15.9,4.5,"4","4.78",".286",".506",".355","90.4","15",9.8,43,27.5,16.7
"Kikuchi, Yusei",579328,2023,"167.2",27,25.9,6.9,"7","3.86",".244",".436",".318","90.5","13.3",9,42.4,29.6,28
"Gausman, Kevin",592332,2023,"185.0",19,31.1,7.2,"3","3.16",".231",".406",".303","89.4","12.3",9.9,43.3,32.6,28.9
"Walker, Taijuan",592836,2023,"172.2",20,18.8,9.7,"3","4.38",".245",".410",".323","89.1","11.1",6.8,40.9,27.4,20.5
"Giolito, Lucas",608337,2023,"184.1",41,25.7,9.2,"5","4.88",".236",".449",".329","89.2","18.5",11,41.6,27.1,28.8
"Eflin, Zach",621107,2023,"177.2",19,26.5,3.4,"0","3.50",".218",".382",".271","87.5","9.1",9,35.1,34,24.1
"Berríos, José",621244,2023,"189.2",25,23.5,6.6,"4","3.65",".257",".441",".326","88.2","11.8",8.6,35.8,30.6,25.5
"López, Pablo",641154,2023,"194.0",24,29.2,6,"7","3.66",".213",".343",".270","87.1","12.6",6.3,34.8,34.3,30.3
"Dunning, Dane",641540,2023,"172.2",20,19.4,7.6,"6","3.70",".258",".418",".325","88.8","10.8",7.5,40.2,27.9,22.3
"Peralta, Freddy",642547,2023,"165.2",26,30.9,7.9,"6","3.86",".211",".364",".284","87.6","14.6",8.6,37.7,28.8,33.6
"Alcantara, Sandy",645261,2023,"184.2",22,19.8,6.3,"4","4.14",".260",".418",".319","88.8","7",7,40.6,34.8,25.4
"Keller, Mitch",656605,2023,"194.1",25,25.5,6.7,"5","4.21",".248",".406",".315","87.7","10.3",8.6,35.6,27.1,23.2
"Steele, Justin",657006,2023,"173.1",14,24.6,5,"9","3.06",".247",".368",".291","87.8","9.3",5.4,36.6,31.9,24
"Valdez, Framber",664285,2023,"198.0",19,24.8,7.1,"6","3.45",".248",".411",".319","91.5","4.2",8,45.6,29,26.8
"Kremer, Dean",665152,2023,"172.2",27,21.4,7.5,"5","4.12",".264",".458",".338","89.7","12.7",8.9,40.3,26.3,24
"Bradish, Kyle",680694,2023,"168.2",14,25,6.6,"9","2.83",".235",".390",".300","90","6.6",6.9,42,27.7,26
"Elder, Bryce",693821,2023,"174.2",19,17.5,8.6,"11","3.81",".258",".414",".327","89.9","8.5",6,41,28.5,23.6
"Gibson, Kyle",502043,2024,"169.2",23,20.9,9.4,"5","4.24",".259",".435",".340","88.2","12",9.2,39.1,26.3,25.9
"Sale, Chris",519242,2024,"177.2",9,32.1,5.6,"4","2.38",".211",".323",".263","86.5","9.6",5.6,31.2,33.5,31
"Eovaldi, Nathan",543135,2024,"170.2",23,23.9,6,"3","3.80",".243",".398",".309","89.3","8.8",7.7,42.6,32.3,26.8
"Corbin, Patrick",571578,2024,"174.2",25,18.2,7.1,"3","5.62",".291",".481",".359","90.8","10",8.3,46.7,29.8,22.4
"Mikolas, Miles",571945,2024,"171.2",26,16.9,3.5,"0","5.35",".273",".468",".334","88.8","13.6",8.1,42.3,27.9,16.4
"Kikuchi, Yusei",579328,2024,"175.2",25,28,6,"4","4.05",".235",".404",".301","90.1","14.2",9.7,45,28,29
"Gausman, Kevin",592332,2024,"181.0",20,21.4,7.4,"3","3.83",".253",".460",".337","90.2","16.1",9.7,42.4,29.8,23.4
"Taillon, Jameson",592791,2024,"165.1",21,18.5,4.9,"4","3.27",".254",".428",".314","89.7","15.9",7.2,38.8,27.8,19.5
"Gomber, Austin",596295,2024,"165.0",30,16.7,5.5,"3","4.75",".275",".501",".350","90.2","15",9.6,41.2,25.9,19.9
"Rea, Colin",607067,2024,"167.2",29,18.9,6,"2","4.29",".269",".463",".342","90.4","15.2",8.7,42,24.5,19.3
"Wacha, Michael",608379,2024,"166.2",17,21.2,6.6,"3","3.35",".249",".415",".314","86.9","15.7",8.2,32.5,27.8,23.3
"Eflin, Zach",621107,2024,"165.1",22,19.6,3.5,"2","3.59",".248",".416",".303","88.1","13.3",7.5,36.1,32.5,21.6
"Berríos, José",621244,2024,"192.1",31,19.5,6.9,"1","3.60",".262",".447",".336","89.6","13.4",7.8,41.8,29.5,21.1
"López, Pablo",641154,2024,"185.1",26,25.6,5.3,"3","4.08",".237",".402",".302","87.9","13.3",8.2,37.5,32.9,27
"Ober, Bailey",641927,2024,"178.2",27,26.9,6.1,"1","3.98",".209",".384",".284","87.5","20.4",8.3,34.3,33.5,29
"Peralta, Freddy",642547,2024,"173.2",26,27.6,9.4,"8","3.68",".222",".386",".307","87.6","17.3",8.7,36.9,28,31.1
"King, Michael",650633,2024,"173.2",17,27.7,8.7,"1","2.95",".223",".364",".295","85.7","13.8",6.2,30.3,30.5,29.3
"Sánchez, Cristopher",650911,2024,"181.2",11,20.3,5.8,"7","3.32",".256",".371",".298","87.4","2.4",5.4,34.5,36.4,24.3
"Flaherty, Jack",656427,2024,"162.0",24,29.9,5.9,"6","3.17",".232",".389",".296","88.4","14",7.7,35.9,30.7,32.1
"Houck, Tanner",656557,2024,"178.2",11,20.7,6.5,"2","3.12",".256",".394",".318","89.4","3.8",5.7,41.8,31.2,22.6
"Keller, Mitch",656605,2024,"178.0",23,21.5,6.5,"1","4.25",".246",".415",".322","88.8","12.4",7.2,39.3,28.3,21.5
"Feltner, Ryan",663372,2024,"162.1",20,19.9,7.5,"4","4.49",".254",".423",".326","88.1","11.9",6.5,36.8,25.7,23.9
"Irvin, Jake",663623,2024,"187.2",29,20.3,6.8,"5","4.41",".249",".440",".323","88.8","11.4",9.2,39.1,26.8,22.3
"Valdez, Framber",664285,2024,"176.1",13,24,7.8,"8","2.91",".232",".349",".292","90.2","0.4",5.3,45,28.7,27.2
"Gore, MacKenzie",669022,2024,"166.1",15,24.8,8.9,"14","3.90",".249",".383",".317","88","13.5",6.8,38.1,27.4,28.6
"Skubal, Tarik",669373,2024,"192.0",15,30.3,4.6,"2","2.39",".205",".331",".258","87.5","12",6.7,33.9,31.1,31.9
"Blanco, Ronel",669854,2024,"167.1",22,24.6,10.1,"3","2.80",".224",".398",".311","88.7","16.4",9.3,35.5,30.3,29
"Crawford, Kutter",676710,2024,"183.2",34,23.1,6.7,"4","4.36",".222",".422",".307","88.4","19.8",9.9,36.3,32.8,25.3
"Bello, Brayan",678394,2024,"162.1",19,21.8,9.1,"6","4.49",".254",".405",".331","88.5","6.2",7.4,41.1,29.7,25.9
"Miller, Bryce",682243,2024,"180.1",21,24.3,6.4,"2","2.94",".226",".414",".301","90.3","16.3",9.7,41.2,27,24.4
"Imanaga, Shota",684007,2024,"173.1",27,25.1,4,"3","2.91",".231",".398",".288","88.6","17.8",8.6,39.3,34.8,28.3
"Kelly, Merrill",518876,2025,"184.0",23,22.3,6.4,"1","3.52",".250",".431",".316","90.2","13.8",9.2,43.5,32.8,24.1
"Hendricks, Kyle",543294,2025,"164.2",25,16.4,6.2,"0","4.76",".246",".408",".308","86.1","16.3",8.3,34.3,31.6,18.3
"Kikuchi, Yusei",579328,2025,"178.1",24,22.5,9.6,"8","3.99",".250",".428",".327","91","14.5",9.4,42.2,27,23.6
"Gausman, Kevin",592332,2025,"193.0",21,24.4,6.5,"1","3.59",".238",".407",".301","89.3","16.5",8.5,41.4,31.7,26.4
"Ray, Robbie",592662,2025,"182.1",22,24.6,9.7,"7","3.65",".219",".385",".300","91","17.7",9.6,44.7,27.7,27.8
"Springs, Jeffrey",605488,2025,"171.0",28,19.4,7.6,"0","4.11",".249",".431",".321","88.3","19.2",8.1,37.3,28.4,26
"Martinez, Nick",607259,2025,"165.2",22,17,6.1,"6","4.45",".257",".410",".312","88.3","16.2",6.9,34.5,24.5,19.9
"Freeland, Kyle",607536,2025,"162.2",22,17.5,5.4,"2","4.98",".282",".473",".342","91.1","12.7",9.4,47.3,29.7,21
"Wacha, Michael",608379,2025,"172.2",15,17.6,6.3,"2","3.86",".257",".421",".317","87.5","17.7",7.4,34.6,28.3,21.3
"Berríos, José",621244,2025,"166.0",26,19.8,8,"1","4.17",".255",".454",".337","90.3","15",11.3,42.5,28.2,22
"Littell, Zack",641793,2025,"186.2",36,17.1,4.2,"3","3.81",".255",".458",".323","90.2","14.6",9.9,40.9,30.8,20.4
"Peralta, Freddy",642547,2025,"176.2",21,28.2,9.1,"4","2.70",".206",".361",".289","88","18",9.3,34.5,28.5,30.1
"Alcantara, Sandy",645261,2025,"174.2",22,19.1,7.7,"8","5.36",".262",".437",".332","90.7","9.4",8.6,45,29,20.9
"Sánchez, Cristopher",650911,2025,"202.0",12,26.3,5.5,"6","2.50",".225",".345",".272","89","3",5.7,39.8,31.6,30.4
"Keller, Mitch",656605,2025,"176.1",21,20,6.8,"5","4.19",".259",".430",".326","90.1","11.9",7.8,43.8,25.8,20.6
"Peterson, David",656849,2025,"168.2",11,20.7,9,"3","4.22",".270",".407",".331","90.6","4.3",6.4,46,28.1,24
"Ryan, Joe",657746,2025,"171.0",26,28.2,5.7,"0","3.42",".209",".397",".289","90.2","18.7",11.5,41.9,25.2,26.1
"Irvin, Jake",663623,2025,"180.0",38,15.8,7.9,"3","5.70",".273",".505",".360","90.4","12.8",11.9,47.1,26.6,18.2
"Valdez, Framber",664285,2025,"192.0",15,23.3,8.5,"12","3.66",".241",".370",".303","90.8","2.7",6.7,46.3,29.8,26.6
"Kremer, Dean",665152,2025,"171.2",22,20.1,6.4,"9","4.19",".238",".413",".304","88.1","15.2",8.5,35.8,30.1,22.9
"Soriano, José",667755,2025,"169.0",12,21,10.8,"8","4.26",".242",".367",".312","91.4","-2.8",7.2,48.2,27,27
"Williams, Gavin",668909,2025,"167.2",23,24.6,11.8,"9","3.06",".231",".405",".321","90.4","9.8",9,44.3,26.1,27.7
"Baz, Shane",669358,2025,"166.1",26,24.8,9,"3","4.87",".230",".386",".306","89","10.7",9.5,39.4,29.3,25.8
"Skubal, Tarik",669373,2025,"195.1",18,32.2,4.4,"3","2.21",".206",".344",".258","86.1","12.7",8.1,33,35.1,32.5
"Pallante, Andre",669467,2025,"162.2",21,15.5,8.7,"12","5.31",".259",".402",".321","89.2","1.4",6.5,39.9,25.5,22.3
"Abbott, Andrew",671096,2025,"166.1",19,21.8,6.3,"4","2.87",".233",".385",".294","87.8","19.3",8,33.7,30.2,24
"Bello, Brayan",678394,2025,"166.2",16,17.7,8.4,"5","3.35",".258",".409",".327","88.8","9",7.1,39.3,27.5,20.1
"Skenes, Paul",694973,2025,"187.2",11,29.5,5.7,"2","1.97",".202",".321",".255","87.6","12.2",5.8,40.1,30.5,30.1
"Warren, Will",701542,2025,"162.1",22,24.1,9.1,"2","4.44",".252",".426",".330","91","12.2",10.9,45.3,24.7,24.6
"Yamamoto, Yoshinobu",808967,2025,"173.2",14,29.4,8.6,"5","2.49",".198",".304",".259","88.3","7.7",5.7,39.7,29.6,28.9
"Sale, Chris",519242,2026,"35.0",5,27.7,6.6,"0","2.31",".200",".342",".277","88","12.4",8.1,30.2,35.7,26
"Eovaldi, Nathan",543135,2026,"32.2",9,21.8,6.1,"3","5.79",".266",".468",".341","91.5","10.9",9.5,49.5,34.7,28.5
"Kikuchi, Yusei",579328,2026,"29.0",3,24.1,9.8,"3","6.21",".265",".461",".348","90.6","14",9.2,43.7,28.9,26.6
"Gausman, Kevin",592332,2026,"35.0",3,27.5,4.3,"0","2.57",".234",".367",".276","87","11.4",7.4,39.4,37,29.7
"Ray, Robbie",592662,2026,"33.1",5,25.9,10.4,"0","2.70",".224",".463",".333","87.5","20.1",12.8,34.9,31.1,28.5
"Springs, Jeffrey",605488,2026,"35.2",5,21.8,7.7,"0","3.79",".190",".340",".274","86.6","18",8.1,28.3,24.9,26
"Martinez, Nick",607259,2026,"30.0",3,16.4,6.6,"0","2.10",".271",".469",".339","87","15.1",8.5,33,28.2,17.5
"Wacha, Michael",608379,2026,"32.1",3,22.8,8.1,"0","2.51",".247",".466",".338","89.6","18.9",9.5,45.2,33.2,26.7
"Ober, Bailey",641927,2026,"32.0",3,20.3,8.3,"0","3.94",".240",".390",".313","86.2","18.9",8.6,31.2,28.9,21.2
"Peralta, Freddy",642547,2026,"32.1",4,25.9,9.4,"1","3.90",".227",".358",".301","88","12.6",5.7,37.5,32,30.1
"Alcantara, Sandy",645261,2026,"41.1",4,16.3,7.8,"1","3.05",".227",".336",".282","88.2","14",4,33.6,30,26
"King, Michael",650633,2026,"33.2",3,25.4,11.2,"0","2.41",".208",".343",".303","88.4","16.3",10,35,29.4,27.4
"Sánchez, Cristopher",650911,2026,"33.2",3,28.1,6.5,"0","2.94",".234",".378",".290","89.4","2.5",11,42,34.9,31.4
"Keller, Mitch",656605,2026,"34.0",1,18.2,8,"0","3.18",".269",".366",".311","86.5","14.6",3,39,29.2,22.4
"Ryan, Joe",657746,2026,"32.1",3,25,6.1,"1","3.90",".204",".344",".277","88.2","20.4",11.2,36,32.1,24.5
"Martin, Davis",663436,2026,"31.1",2,22,5.9,"1","2.01",".288",".441",".340","92","13.6",7.1,51.2,29.5,22.2
"Irvin, Jake",663623,2026,"29.2",4,26.4,8.5,"1","4.85",".239",".435",".337","90.9","17.4",12.5,51.2,25.2,27
"Valdez, Framber",664285,2026,"34.1",2,16.2,9.5,"1","3.41",".246",".383",".315","89.8","8.3",5.5,42.2,32.7,18.7
"Soriano, José",667755,2026,"37.2",1,30.7,9.3,"0","0.24",".203",".315",".265","86.7","4.3",8.3,29.8,35.8,33.5
"Williams, Gavin",668909,2026,"35.2",6,31,13.4,"0","3.28",".202",".419",".321","92.1","9.5",16.5,46.8,31.4,30.7
"Gore, MacKenzie",669022,2026,"31.0",5,31.6,11.3,"0","4.35",".248",".430",".338","90.2","12.4",14.7,46.7,30.3,27.6
"Skubal, Tarik",669373,2026,"36.1",1,26.8,4.2,"0","2.72",".254",".341",".278","88.8","8.6",5.2,39.2,37.3,29
"Liberatore, Matthew",669461,2026,"30.1",8,14.1,8.1,"1","4.75",".298",".520",".373","91.5","15",9.5,42.9,27.3,18.3
"Detmers, Reid",672282,2026,"33.2",3,25.5,6.4,"0","4.28",".215",".336",".274","88.3","19.8",6.5,38.7,34.1,28.2
"Hancock, Emerson",676106,2026,"34.2",7,24.2,4.5,"1","2.86",".248",".483",".334","90.1","13.1",12,39.1,25.1,22.8
"Meyer, Max",676974,2026,"30.0",2,25,9.1,"1","3.30",".259",".407",".332","89","13",9.5,38.1,33.3,28.5
"Weathers, Ryan",677960,2026,"33.2",5,29.2,5.8,"2","3.21",".267",".475",".338","89.3","11.5",12.4,44.9,33.7,27.7
"Woods Richardson, Simeon",680573,2026,"30.0",6,11,9.6,"1","6.30",".268",".446",".344","89.9","19.7",8.3,40.7,21.7,17.1
"Bradish, Kyle",680694,2026,"30.0",3,22.8,12.5,"2","4.20",".245",".409",".332","87.6","7.6",10.2,38.6,30.8,24.5
"Burke, Sean",680732,2026,"33.2",3,18,5.3,"2","3.21",".261",".395",".308","88.8","13.6",4,37.6,31.6,18
"Wrobleski, Justin",680736,2026,"30.0",0,12.6,7.6,"1","1.50",".256",".371",".307","88.2","14.4",5.3,38.3,27.9,13.2
"Imanaga, Shota",684007,2026,"34.1",3,28.6,6.8,"2","3.15",".212",".358",".274","89.9","20.6",9.3,41.9,40.1,31.7
"Pérez, Eury",691587,2026,"31.1",6,24.3,10.3,"0","4.60",".243",".474",".354","90","20.5",14.9,46,27.2,28.7
"Elder, Bryce",693821,2026,"37.0",2,21.2,6.8,"0","1.95",".214",".326",".271","90","9.9",2.9,38.8,28,21.8
"Skenes, Paul",694973,2026,"29.0",2,27.3,6.4,"0","2.48",".164",".257",".223","85","10.9",4.3,28.6,32.2,23.9
"Lowder, Rhett",695076,2026,"34.0",1,17.9,7.1,"0","3.18",".265",".408",".319","90.5","16.8",7.6,37.1,28.8,20.4
"McGreevy, Michael",700241,2026,"33.1",5,16.5,3.9,"0","2.97",".295",".577",".382","88.4","13.7",12.9,35.6,25.4,16.4
"Warren, Will",701542,2026,"31.1",3,28.7,5.4,"1","2.59",".249",".381",".298","90.8","8.6",6,42.9,27.5,22
"Messick, Parker",800048,2026,"30.2",1,28.1,7.4,"1","1.76",".218",".294",".262","85.8","11.3",2.3,26.7,37.5,25.5
"Dollander, Chase",801403,2026,"32.0",3,30,6.9,"0","2.25",".196",".318",".269","91.9","11.8",8.9,55.7,31,29.8
"Yamamoto, Yoshinobu",808967,2026,"32.2",4,21.8,6.1,"0","2.48",".257",".418",".316","89","13.8",8.6,39,30.7,29.2
"Early, Connelly",813349,2026,"31.2",4,21.4,10.7,"2","2.84",".245",".461",".352","91.2","11.8",11.6,41.9,29.4,22.2
"Sabathia, CC",282332,2016,"179.2",22,19.8,8.5,"2","3.91",".222",".353",".289","85.1","9.7",4.4,26.9,30.8,23
"Wainwright, Adam",425794,2016,"198.2",22,19,7,"1","4.62",".275",".427",".329","86.9","11.1",5.9,30.2,27.3,20.2
"Kluber, Corey",446372,2016,"215.0",22,26.4,6.6,"5","3.14",".223",".363",".282","86.7","12",6,30.4,32.2,28.2
"Shields, James",448306,2016,"181.2",40,16.4,10,"10","5.85",".277",".480",".359","88.7","12.8",8.4,33.3,27.3,22.3
"García, Jaime",448802,2016,"171.2",26,20.2,7.7,"8","4.67",".249",".398",".310","88.7","4.5",5.7,35.3,27,21.7
"Volquez, Edinson",450172,2016,"189.1",23,16.3,8.9,"5","5.37",".274",".454",".347","88.9","7.4",6.3,35.5,28.7,19.8
"Scherzer, Max",453286,2016,"228.1",31,31.5,6.2,"2","2.96",".197",".335",".259","87.2","19.4",6.1,29.5,33.8,32.4
"Arrieta, Jake",453562,2016,"197.1",16,23.9,9.6,"16","3.10",".225",".350",".291","86.7","6.5",4.8,29.6,28.4,25.2
"Cueto, Johnny",456501,2016,"219.2",15,22.5,5.1,"3","2.79",".247",".374",".291","87.8","10.6",4.4,33.2,31.7,21.8
"Happ, J.A.",457918,2016,"195.0",22,20.5,7.5,"3","3.18",".256",".420",".321","89.5","12.2",7.4,37.2,25.9,22.3
"Tomlin, Josh",458708,2016,"174.0",36,16.3,2.8,"4","4.40",".278",".482",".332","87.9","10.7",7.2,32.2,34.4,17
"Hellickson, Jeremy",476451,2016,"189.0",24,19.9,5.8,"6","3.71",".262",".436",".322","87.6","14.7",6.9,28.4,33.4,24.1
"Miley, Wade",489119,2016,"166.0",25,19.3,6.9,"8","5.37",".277",".464",".345","89","9.1",6.7,37.4,31.4,20.8
"Quintana, Jose",500779,2016,"208.0",22,21.6,6,"10","3.20",".247",".375",".293","88.2","16.2",4.5,34.2,26.7,18.6
"Pineda, Michael",501381,2016,"175.2",27,27.4,7,"7","4.82",".234",".409",".304","89.8","9.5",6.7,39.3,34,31.2
"Archer, Chris",502042,2016,"201.1",30,27.4,7.9,"11","4.02",".229",".405",".302","90.2","10.3",8.4,40.5,27.4,29.6
"Santiago, Héctor",502327,2016,"182.0",33,18.3,10.1,"3","4.70",".256",".487",".353","89.7","20.1",9.3,39.3,23.2,19.9
"Bettis, Chad",518452,2016,"186.0",22,17,7.2,"4","4.79",".272",".431",".329","88.7","6.8",5.6,34.9,28,21.6
"Moore, Matt",519043,2016,"198.1",25,21.2,8.6,"6","4.08",".240",".413",".316","88.8","17.1",6.4,31.4,27.3,24.2
"Nelson, Jimmy",519076,2016,"179.1",25,17.3,10.7,"8","4.62",".246",".395",".327","88.8","9.2",5.5,35.1,24.9,19
"Pomeranz, Drew",519141,2016,"170.2",22,26.5,9.2,"10","3.32",".204",".349",".279","88.1","11.6",7.3,34.4,29.2,25.9
"Porcello, Rick",519144,2016,"223.0",23,21.2,3.6,"3","3.15",".244",".415",".301","88.4","13.7",7,35.1,29.2,18.6
"Teheran, Julio",527054,2016,"188.0",22,22,5.4,"7","3.21",".233",".405",".298","88.8","16.2",6.5,33.6,29,24.1
"Odorizzi, Jake",543606,2016,"187.2",29,21.5,7,"3","3.69",".250",".426",".317","89.9","16.6",8.4,35.9,29.3,21.8
"Bauer, Trevor",545333,2016,"190.0",20,20.7,8.6,"3","4.26",".259",".407",".325","89.6","9.9",5.7,39.7,24.4,22.5
"Ventura, Yordano",570649,2016,"186.0",23,17.6,9.6,"13","4.45",".265",".446",".342","89.8","8.6",7.8,38.4,26.2,22.1
"Keuchel, Dallas",572971,2016,"168.0",20,20.5,6.8,"9","4.55",".255",".395",".306","88.4","3.8",6.9,36.9,30.1,23.2
"Stroman, Marcus",573186,2016,"204.0",21,19.4,6.3,"9","4.37",".257",".387",".306","90.4","0.5",4.9,41.9,29.2,21.5
"Gray, Jon",592351,2016,"168.0",18,26,8.3,"7","4.61",".238",".386",".310","88.2","12.4",6.2,34.7,29.1,26.5
"Syndergaard, Noah",592789,2016,"183.2",11,29.3,5.8,"10","2.60",".219",".324",".259","87.6","6.4",3.5,31.8,35.8,30.4
"Martinez, Carlos",593372,2016,"195.1",15,21.5,8.7,"8","3.04",".225",".329",".283","87.2","5.8",3.8,30.5,28.8,23.1
"Eickhoff, Jerad",595191,2016,"197.1",30,20.6,5.2,"6","3.65",".236",".386",".293","88.6","15.4",5.7,35,29.3,21.7
"Finnegan, Brandon",605232,2016,"172.0",29,19.8,11.4,"6","3.98",".258",".444",".347","88.3","13.9",8,35.5,27.2,22.6
"Rodón, Carlos",607074,2016,"165.0",23,23.5,7.6,"11","4.04",".246",".380",".303","88.9","13.1",4.5,35,27.4,23.6
"Maeda, Kenta",628317,2016,"175.2",20,25,7,"6","3.48",".224",".358",".281","85.7","12.7",5.4,25.5,31.7,27.5
"Greinke, Zack",425844,2017,"202.1",25,26.8,5.6,"12","3.20",".224",".395",".287","87.4","10.2",7.4,30.9,32.4,29
"Kluber, Corey",446372,2017,"203.2",21,34.1,4.6,"4","2.25",".205",".325",".248","85.3","10.5",5.3,29.2,33.3,33.6
"Scherzer, Max",453286,2017,"200.2",22,34.4,6.9,"4","2.51",".177",".305",".243","86.5","19.1",5.6,29.5,32.8,32.2
"Arrieta, Jake",453562,2017,"168.1",23,23.1,7.8,"14","3.53",".239",".395",".304","87.4","10.6",5.6,33.3,25.4,21.3
"Chacín, Jhoulys",468504,2017,"180.1",19,20,9.4,"7","3.89",".238",".380",".307","86.3","9.8",5.7,28.4,23.2,20.5
"Hellickson, Jeremy",476451,2017,"164.0",35,13.8,6.8,"4","5.43",".277",".489",".350","87.8","17.8",6.4,34.7,28.5,18.1
"Cashner, Andrew",488768,2017,"166.2",15,12.2,9.1,"10","3.40",".275",".402",".330","87.1","10.6",3.9,32.3,23.5,14.9
"Quintana, Jose",500779,2017,"188.2",23,26.2,7.7,"8","4.15",".244",".402",".309","87.5","11.8",5.9,35.5,25,21.4
"Archer, Chris",502042,2017,"201.0",27,29.2,7,"15","4.07",".233",".387",".296","89.6","12.7",5.9,40.2,27.1,30.3
"Moore, Matt",519043,2017,"174.1",27,18.7,8.5,"10","5.52",".275",".508",".361","89.6","15.7",9,40.3,26,19.8
"Nelson, Jimmy",519076,2017,"175.1",16,27.3,6.6,"6","3.49",".233",".355",".285","85.9","5.9",4,31.4,30.2,25.5
"Pomeranz, Drew",519141,2017,"173.2",19,23.5,9.2,"6","3.32",".247",".408",".317","87.9","13",6.7,35.7,27.5,24.2
"Porcello, Rick",519144,2017,"203.1",38,20.5,5.4,"5","4.65",".270",".477",".337","88.2","14.4",8,35.7,29.6,21.1
"Teheran, Julio",527054,2017,"188.1",31,18.6,8.9,"6","4.49",".253",".424",".324","87.2","13.9",6.4,30.5,26.5,21.6
"Gray, Sonny",543243,2017,"162.1",19,22.6,8.4,"11","3.55",".244",".404",".310","87.4","5.4",6.2,38.6,28,27.3
"Strasburg, Stephen",544931,2017,"175.1",13,29.1,6.7,"3","2.52",".204",".332",".262","87.3","10.8",6.1,32,30.9,27.8
"Bauer, Trevor",545333,2017,"176.1",25,26.2,8,"3","4.19",".250",".422",".320","89.4","9.7",7.8,39.2,21.8,23.9
"Ureña, José",570632,2017,"169.2",26,15.6,8.8,"5","3.82",".263",".462",".345","86.4","13",8.6,30.9,26.8,19.9
"Stroman, Marcus",573186,2017,"201.0",21,19.7,7.4,"3","3.09",".263",".394",".314","88.7","0.6",5,38.6,24.6,23.6
"Martinez, Carlos",593372,2017,"205.0",27,25.3,8.3,"9","3.64",".221",".352",".284","87","8.1",4.8,33.3,26.8,24.6
"deGrom, Jacob",594798,2017,"201.1",28,28.9,7.1,"7","3.53",".218",".349",".273","86.3","10.8",5.9,28.8,29.8,29.3
"Bundy, Dylan",605164,2017,"169.2",26,21.8,7.3,"0","4.24",".242",".440",".321","88.8","19.4",7.8,36.5,31.3,25.4
"Fulmer, Michael",605242,2017,"164.2",13,16.9,5.9,"3","3.83",".259",".407",".310","86.1","9.4",4.9,29.4,29.3,21.6
"Nola, Aaron",605400,2017,"168.0",18,26.6,7.1,"1","3.54",".223",".360",".278","85.7","9",5,31,27.9,26.6
"Perdomo, Luis",606131,2017,"163.2",17,16.5,9.1,"11","4.67",".270",".420",".334","88","1.1",5,36.4,26.7,21.8
"Blach, Ty",621389,2017,"163.2",17,10.5,6.2,"3","4.78",".289",".446",".335","86.9","9.9",3.7,33,23.4,15.6
"Severino, Luis",622663,2017,"193.1",21,29.4,6.5,"6","2.98",".215",".339",".271","87.2","8",6.1,33.5,28.2,28.1
"Greinke, Zack",425844,2018,"207.2",28,23.7,5.1,"4","3.21",".244",".406",".303","87.9","10.4",6.4,33.5,31.6,26
"Kluber, Corey",446372,2018,"215.0",25,26.4,4,"2","2.89",".227",".368",".276","87.9","11.3",6.3,34.5,33.6,26.9
"Shields, James",448306,2018,"204.2",34,17.7,9,"11","4.53",".262",".465",".350","88.6","16.6",8.3,35.6,26.8,24.5
"Morton, Charlie",450203,2018,"167.0",18,28.9,9.2,"4","3.13",".205",".325",".284","87.5","7.7",5.8,31,24.9,28.5
"Scherzer, Max",453286,2018,"220.2",23,34.6,5.9,"4","2.53",".185",".316",".248","86.6","20.7",6.6,31.7,32.3,33.1
"Arrieta, Jake",453562,2018,"172.2",21,19.1,7.9,"11","3.96",".248",".391",".312","87.8","8.6",5.6,31.7,28.2,19.5
"Happ, J.A.",457918,2018,"177.2",27,26.4,7,"4","3.65",".226",".400",".302","88.4","15.4",8.8,34,28.5,24.1
"Chacín, Jhoulys",468504,2018,"192.2",18,19.6,8.9,"5","3.50",".246",".402",".320","88.8","13.2",6.5,37.8,24.2,21.3
"Quintana, Jose",500779,2018,"174.1",25,21.4,9.2,"3","4.03",".246",".414",".321","89.4","12.4",6.1,37.6,25.1,20.6
"Holland, Derek",502706,2018,"171.1",19,23.2,9.2,"2","3.57",".239",".401",".312","88.4","14.7",6.6,35.4,27.5,23.8
"Porcello, Rick",519144,2018,"191.1",27,23.5,5.9,"3","4.28",".243",".402",".310","89","12.4",7,35.7,27.8,20.5
"Teheran, Julio",527054,2018,"175.2",26,22.4,11.6,"2","3.94",".230",".406",".323","88.7","15.5",7.2,36.7,25.6,28.5
"Anderson, Tyler",542881,2018,"176.0",30,22.3,7.9,"9","4.55",".229",".375",".296","87.6","16",5.7,31.4,26.9,25.4
"Odorizzi, Jake",543606,2018,"164.1",20,22.8,9.8,"1","4.49",".244",".425",".332","89.1","21.4",7.4,39,29.3,24.7
"Bauer, Trevor",545333,2018,"175.1",9,30.8,7.9,"12","2.21",".197",".307",".259","87.8","12",4.4,29.1,28.8,31.5
"Wheeler, Zack",554430,2018,"182.1",14,24.1,7.4,"2","3.31",".219",".334",".278","86.1","11.3",4.8,27.1,30.5,24.7
"Ureña, José",570632,2018,"174.0",19,18.3,7.2,"2","3.98",".249",".393",".311","88.5","9.3",6.2,36.2,28.2,20.2
"Boyd, Matthew",571510,2018,"170.1",27,22.4,7.2,"6","4.39",".209",".370",".287","87.4","22.3",6.1,32.3,25.7,23.6
"Heaney, Andrew",571760,2018,"180.0",27,24,6,"9","4.15",".243",".407",".311","87.7","12.4",7.8,37.2,30.4,26.3
"Keuchel, Dallas",572971,2018,"204.2",18,17.5,6.6,"9","3.74",".246",".362",".293","87.3","4.5",4.5,33,29.1,19.8
"Foltynewicz, Mike",592314,2018,"183.0",17,27.2,9.2,"7","2.85",".202",".330",".274","88.6","13.9",6.9,34.5,24.3,25.7
"Gray, Jon",592351,2018,"172.1",27,24.7,7,"6","5.12",".246",".391",".306","89.8","9.7",5.8,37.9,25.7,29.2
"Williams, Trevor",592866,2018,"170.2",15,18,7.8,"4","3.11",".248",".395",".309","86.9","14.1",5.8,31,28.3,18.8
"deGrom, Jacob",594798,2018,"217.0",10,32.2,5.5,"2","1.70",".200",".289",".243","86.3","11.2",4.1,28.9,35.1,31.4
"Gonzales, Marco",594835,2018,"166.2",17,21.1,4.7,"2","4.00",".262",".406",".311","88.5","10.4",5.4,35,32.9,21.1
"Junis, Jakob",596001,2018,"177.0",32,21.6,5.7,"9","4.37",".247",".432",".323","88.7","13.8",8.6,35.6,29.4,22.4
"Pivetta, Nick",601713,2018,"164.0",24,27.1,7.3,"8","4.77",".221",".374",".292","88.9","10.7",7.8,34.9,29.2,27.5
"Bundy, Dylan",605164,2018,"171.2",41,24.5,7.2,"6","5.45",".244",".440",".323","89.3","17.4",8.5,37.4,29.9,26.8
"Nola, Aaron",605400,2018,"212.1",17,27,7,"4","2.37",".201",".314",".257","87.1","9.1",4.6,31.2,30,27.7
"Snell, Blake",605483,2018,"180.2",16,31.6,9.1,"13","1.89",".202",".341",".274","87.5","10.7",7.2,32.7,30.8,34.7
"Castillo, Luis",622491,2018,"169.2",28,23.3,6.9,"4","4.30",".244",".426",".318","88.8","9.6",8.8,39.5,29.6,28.7
"Severino, Luis",622663,2018,"191.1",19,28.2,5.9,"8","3.39",".239",".393",".298","88.4","11.7",7.7,34.7,29.6,26.8
"López, Reynaldo",625643,2018,"188.2",25,18.9,9.4,"7","3.91",".253",".433",".335","88.3","19.6",7.3,36.1,26,21.3
"Wainwright, Adam",425794,2019,"171.2",22,20.5,8.6,"2","4.19",".264",".429",".328","88.9","10.2",6.5,39.2,25.2,19.5
"Greinke, Zack",425844,2019,"208.2",21,23.1,3.7,"2","2.93",".238",".389",".281","87.5","11",6.3,33.3,33.1,24.1
"Morton, Charlie",450203,2019,"194.2",15,30.4,7.2,"5","3.05",".216",".336",".274","86.9","9.2",5,32.8,30.9,29.6
"Scherzer, Max",453286,2019,"172.1",18,35.1,4.8,"0","2.92",".203",".336",".253","87.6","13.5",6.6,35.5,34.1,33.9
"Bailey, Homer",456701,2019,"163.1",21,21.4,7.6,"4","4.57",".262",".416",".318","90.3","13.6",5.7,39.5,29.6,24.3
"Anderson, Brett",474463,2019,"176.0",20,12.1,6.6,"4","3.89",".283",".479",".347","89.6","5",7.3,40,27.3,17
"Miley, Wade",489119,2019,"167.1",23,19.4,8.5,"4","3.98",".245",".383",".307","87.5","8.3",4.3,32.5,26.8,22.9
"Quintana, Jose",500779,2019,"171.0",20,20.4,6.2,"11","4.68",".273",".434",".326","90","11.1",5.7,37.9,26.7,20.9
"Minor, Mike",501985,2019,"208.1",30,23.2,7.9,"2","3.59",".228",".389",".297","86.9","16.5",7,30.4,29.2,26.2
"Porcello, Rick",519144,2019,"174.1",31,18.6,5.9,"5","5.52",".263",".482",".334","88.4","15.7",9.6,37.7,29.5,18
"Teheran, Julio",527054,2019,"174.2",22,21.5,11,"5","3.81",".240",".416",".327","89","15.5",6.9,35.4,26.7,22.2
"DeSclafani, Anthony",543101,2019,"166.2",29,24,7,"2","3.89",".233",".401",".297","89.1","12.3",7.1,38.7,29.9,23.6
"Gray, Sonny",543243,2019,"175.1",17,29,9.6,"7","2.87",".208",".353",".286","88.1","9.1",6.8,33.3,27.9,28.4
"Strasburg, Stephen",544931,2019,"209.0",24,29.8,6.7,"8","3.32",".210",".337",".267","87.9","7.8",6.1,33.8,35.1,30.6
"Bauer, Trevor",545333,2019,"213.0",34,27.8,9,"10","4.48",".223",".402",".310","88.7","16.4",8.6,37.7,28,29.4
"Wheeler, Zack",554430,2019,"195.1",22,23.6,6,"5","3.96",".245",".393",".297","87","12.3",5.3,32.4,30.8,23
"Boyd, Matthew",571510,2019,"185.1",39,30.2,6.3,"6","4.56",".224",".412",".297","89.3","19.3",9,35.3,30.8,31.1
"Stroman, Marcus",573186,2019,"184.1",18,20.5,7.5,"7","3.22",".242",".370",".292","88.2","5.6",4.1,35.6,28.8,24.7
"Syndergaard, Noah",592789,2019,"197.2",24,24.5,5.9,"4","4.28",".230",".365",".280","86.8","9.8",4.9,31.2,30.6,26.9
"Rodriguez, Eduardo",593958,2019,"203.1",24,24.8,8.7,"3","3.81",".223",".375",".292","86.2","9.8",5.9,29.4,30.3,27.4
"deGrom, Jacob",594798,2019,"204.0",19,31.7,5.5,"2","2.43",".201",".319",".250","86.5","13.2",4.8,30.8,35.5,31.4
"Gonzales, Marco",594835,2019,"203.0",23,17,6.5,"2","3.99",".254",".407",".311","88.3","14.7",4.9,35.2,29.7,18
"Junis, Jakob",596001,2019,"175.1",31,21.3,7.5,"4","5.24",".270",".479",".345","90.1","12.7",8.6,41.2,27.6,22.6
"Musgrove, Joe",605397,2019,"170.1",21,21.9,5.4,"2","4.44",".249",".424",".307","88.9","11.7",6.4,38.7,32.8,24.6
"Nola, Aaron",605400,2019,"202.1",27,26.9,9.4,"3","3.87",".235",".394",".310","89.2","9.2",6.8,39.5,32.3,26.7
"Fried, Max",608331,2019,"165.2",21,24.6,6.7,"11","4.02",".247",".379",".297","89.2","4.3",4.4,39.1,29.6,26
"Buehler, Walker",621111,2019,"182.1",20,29.2,5,"4","3.26",".227",".369",".277","89.3","12.8",5.4,36.4,32.5,26.8
"Castillo, Luis",622491,2019,"190.2",22,29,10,"5","3.40",".204",".327",".277","87.2","5.8",5.1,33.6,32.2,35.9
"López, Reynaldo",625643,2019,"184.0",35,20.9,8,"5","5.38",".259",".470",".338","88.8","17.7",7.6,38.3,26.5,24.7
"Keller, Brad",641745,2019,"165.1",15,17.2,9.9,"9","4.19",".257",".415",".329","89.1","9.1",5.9,38.6,27.6,19.9
"Lucchesi, Joey",664192,2019,"163.2",23,23,8.2,"8","4.18",".227",".390",".296","88.3","11.4",7.2,36.4,27.3,25.4
"Bieber, Shane",669456,2019,"214.1",31,30.2,4.7,"6","3.28",".236",".417",".295","90.6","12.6",8.5,43.3,32.6,30.7
"Wainwright, Adam",425794,2020,"65.2",9,20.6,5.7,"0","3.15",".265",".436",".324","87.3","12",6.3,36.6,30.2,24.1
"Greinke, Zack",425844,2020,"67.0",6,24.5,3.3,"3","4.03",".248",".420",".299","86.8","11.7",8.2,35.2,26.3,27.7
"Scherzer, Max",453286,2020,"67.1",10,31.2,7.8,"6","3.74",".252",".431",".321","88.5","18.7",8.4,36.3,30.1,32.5
"Cueto, Johnny",456501,2020,"63.1",9,20.2,9.4,"1","5.40",".260",".416",".336","87.9","13",5.7,33.9,25.9,19.9
"Bauer, Trevor",545333,2020,"73.0",9,36,6.1,"3","1.73",".162",".286",".224","88.5","20.9",6.3,38,29.1,30.4
"Wheeler, Zack",554430,2020,"71.0",3,18.4,5.6,"0","2.92",".249",".348",".292","85.7","3.8",3.8,34,32.7,22.6
"Boyd, Matthew",571510,2020,"60.1",15,22.1,8.1,"5","6.71",".258",".478",".349","87.4","15.4",10.9,37,30.6,28.1
"Heaney, Andrew",571760,2020,"66.2",9,25.1,6.8,"2","4.46",".249",".445",".321","88.6","16.3",7.4,39.4,31.3,27.9
"Keuchel, Dallas",572971,2020,"63.1",2,16.3,6.6,"0","1.99",".277",".393",".317","86.8","5.6",4,31.3,28.4,23.8
"deGrom, Jacob",594798,2020,"68.0",7,38.8,6.7,"4","2.38",".194",".332",".256","88.2","11.6",9.6,33.6,35.6,41
"Gonzales, Marco",594835,2020,"69.2",8,23.1,2.5,"0","3.10",".243",".430",".301","86.6","17.6",8.4,34.3,30.2,19.8
"Bassitt, Chris",605135,2020,"63.0",6,21.1,6.5,"2","2.29",".241",".390",".301","88.2","12.5",5.9,37.4,25.9,23
"Bundy, Dylan",605164,2020,"65.2",5,27,6.4,"2","3.29",".215",".333",".270","87","14.5",4.6,32.9,29.7,29.3
"Nola, Aaron",605400,2020,"71.1",9,33.2,8,"1","3.28",".222",".354",".283","88.3","8.6",5.4,38.1,36.5,31.2
"Woodruff, Brandon",605540,2020,"73.2",9,31.1,6.1,"1","3.05",".198",".339",".264","86.7","13.3",7.2,33.9,26.7,28.9
"Mills, Alec",621219,2020,"62.1",13,18.3,7.5,"0","4.48",".263",".461",".342","86.9","10.1",9.2,39.5,30.1,17.9
"Castillo, Luis",622491,2020,"70.0",5,30.5,8.2,"1","3.21",".209",".313",".266","86","2.2",4.5,37.1,28.2,32.8
"Senzatela, Antonio",622608,2020,"73.1",9,13.5,5.9,"0","3.44",".272",".428",".329","88.3","9.1",5.4,38.3,24.4,18.6
"Maeda, Kenta",628317,2020,"66.2",9,32.3,4,"0","2.70",".208",".350",".257","85.3","10.8",7,24.7,39.6,34.9
"Civale, Aaron",650644,2020,"74.0",11,22.1,5.1,"0","4.74",".265",".436",".322","87.1","10.4",6.7,33.5,29.2,24.9
"Singer, Brady",663903,2020,"64.1",8,23.2,8.7,"5","4.06",".231",".368",".301","88.5","9",4.5,40.1,27.2,24.2
"Gallen, Zac",668678,2020,"72.0",9,28.2,8.6,"4","2.75",".225",".369",".295","87","12.4",7.2,32.6,29.5,30.2
"Bieber, Shane",669456,2020,"77.1",7,41.1,7.1,"5","1.63",".185",".319",".251","89.3","9.6",7.2,43.1,34.6,40.7
"Wainwright, Adam",425794,2021,"206.1",21,21,6,"4","3.05",".246",".391",".302","88.2","10",6.2,35.6,27.3,20.2
"Greinke, Zack",425844,2021,"171.0",30,17.2,5.2,"3","4.16",".263",".436",".321","88.3","10.6",6.5,35.4,28.8,21.8
"Morton, Charlie",450203,2021,"185.2",16,28.6,7.7,"5","3.34",".215",".336",".284","88.1","7.7",4.9,32.5,27.8,29.1
"Scherzer, Max",453286,2021,"179.1",23,34.1,5.2,"2","2.46",".192",".355",".262","87.9","19.3",8,34.3,29.8,34.2
"Miley, Wade",489119,2021,"163.0",17,18.1,7.2,"2","3.37",".249",".401",".312","85.7","8",6.1,34.2,30.7,23.9
"Anderson, Tyler",542881,2021,"167.0",27,19.1,5.4,"1","4.53",".254",".428",".315","87","18.2",8.5,33,33.4,23.1
"DeSclafani, Anthony",543101,2021,"167.2",19,22.5,6.2,"7","3.17",".237",".416",".305","88.9","11.6",8.1,38.8,27.7,24.2
"Wheeler, Zack",554430,2021,"213.1",16,29.1,5.4,"6","2.78",".213",".319",".259","84.6","8.4",4.6,28.5,30.4,26.8
"Keuchel, Dallas",572971,2021,"162.0",25,13.2,8.2,"5","5.28",".297",".499",".373","88.3","5",9,39.8,28.2,21.1
"Stroman, Marcus",573186,2021,"179.0",17,21.7,5.9,"7","3.02",".258",".420",".318","89.1","6.3",6.5,42,31.6,26.8
"Musgrove, Joe",605397,2021,"181.1",22,27.1,7.2,"3","3.18",".233",".392",".305","87.8","11.6",7.2,38.5,30.9,30
"Nola, Aaron",605400,2021,"180.2",26,29.8,5.2,"0","4.63",".220",".383",".285","88.9","14.4",7.1,37.4,30.9,27.9
"Woodruff, Brandon",605540,2021,"179.1",18,29.8,6.1,"2","2.56",".223",".355",".280","86.2","10.6",5.8,32.7,32.1,28.2
"Fried, Max",608331,2021,"165.2",15,23.7,6.1,"7","3.04",".230",".364",".287","86.5","6.1",6.3,34.3,27.1,24.8
"Irvin, Cole",608344,2021,"178.1",23,16.3,5.5,"3","4.24",".277",".451",".338","89.3","16.2",7.3,39.3,29.9,19.5
"Buehler, Walker",621111,2021,"207.2",19,26,6.4,"5","2.47",".213",".347",".271","88.2","11.1",6.8,37.1,30.2,26.5
"Castillo, Luis",622491,2021,"187.2",19,23.9,9.3,"1","3.98",".229",".346",".293","87.7","4.2",4.5,36.9,30.5,28.9
"Manaea, Sean",640455,2021,"179.1",25,25.7,5.4,"5","3.91",".245",".420",".312","90.2","13.3",8,41.2,27.6,27.1
"Cease, Dylan",656302,2021,"165.2",20,31.9,9.6,"13","3.91",".206",".368",".295","89.2","18.5",9.9,38.8,28.8,34.6
"Burnes, Corbin",669203,2021,"167.0",7,35.6,5.2,"5","2.43",".180",".261",".221","85.5","8.4",3.1,30.5,35.6,37.3
"Wainwright, Adam",425794,2022,"191.2",16,17.8,6.7,"5","3.71",".270",".433",".332","87.8","11",6.5,36.6,25.4,16.9
"Kluber, Corey",446372,2022,"164.0",20,20.2,3,"2","4.34",".261",".434",".316","87.1","18.5",6.9,34.7,35.7,23.9
"Morton, Charlie",450203,2022,"172.0",28,28.2,8.7,"4","4.34",".228",".405",".318","89.3","13.6",9.5,42.1,28.9,29.3
"Quintana, Jose",500779,2022,"165.2",8,20.2,6.9,"1","2.93",".256",".388",".307","86.5","9.9",5.5,35.8,32.8,24
"Anderson, Tyler",542881,2022,"178.2",14,19.5,4.8,"6","2.57",".226",".368",".281","85","16.9",4.9,28.5,35.4,24.3
"Gonzales, Marco",594835,2022,"183.0",30,13.2,6.4,"1","4.13",".264",".445",".331","86.7","14.5",7.2,35,32.8,18.3
"Pivetta, Nick",601713,2022,"179.2",27,22.6,9.4,"10","4.56",".246",".451",".336","90.7","15.2",9,45.6,25.8,23.5
"Bassitt, Chris",605135,2022,"181.2",19,22.4,6.6,"5","3.42",".227",".372",".293","85.7","10.8",6.6,32.8,25.4,23.6
"Musgrove, Joe",605397,2022,"181.0",22,24.9,5.7,"4","2.93",".225",".365",".287","86.4","11.7",6,32.5,32,25.5
"Nola, Aaron",605400,2022,"205.0",19,29.1,3.6,"2","3.25",".209",".354",".262","87.7","12.5",7.1,31.6,34,27.9
"Rodón, Carlos",607074,2022,"178.0",12,33.4,7.3,"10","2.88",".196",".319",".257","89","19.4",6.5,39.8,31.2,31.2
"Fried, Max",608331,2022,"185.1",12,23.2,4.4,"9","2.48",".226",".338",".266","86.2","7.6",4,32.1,34.1,26.1
"Irvin, Cole",608344,2022,"181.0",25,17.3,4.9,"3","3.98",".256",".471",".329","89.4","15.5",9.6,39.5,30.5,20.6
"Quantrill, Cal",615698,2022,"186.1",21,16.6,6.1,"3","3.38",".257",".431",".324","87.6","13.8",7.5,35.7,32.2,18.5
"Cease, Dylan",656302,2022,"184.0",16,30.4,10.4,"7","2.20",".183",".306",".261","86.8","15",6.2,31.2,31.3,33.3
"Montgomery, Jordan",656756,2022,"178.1",21,21.8,5,"4","3.48",".256",".407",".310","88.5","9.8",7.1,37.5,33.2,27.5
"Webb, Logan",657277,2022,"192.1",11,20.7,6.2,"6","2.90",".248",".378",".300","88.9","3.1",5.5,39,30.9,24.1
"Ohtani, Shohei",660271,2022,"166.0",14,33.2,6.7,"14","2.33",".202",".316",".255","87.1","14.5",6.3,33.2,28.6,33.1
"Urquidy, José",664353,2022,"164.1",29,19.7,5.6,"5","3.94",".255",".465",".333","89.7","17.2",9.4,40.8,30,22.3
"Gallen, Zac",668678,2022,"184.0",15,26.9,6.6,"5","2.54",".211",".348",".279","87.8","10.8",7.8,36.1,31.9,23
"Burnes, Corbin",669203,2022,"202.0",23,30.5,6.4,"10","2.94",".212",".344",".274","87.2","10",5.7,34.1,33.5,35.2
"Gilbert, Logan",669302,2022,"185.2",19,22.7,6.4,"5","3.20",".253",".421",".318","91","14.6",7.1,45.6,25.8,24.2
"Bieber, Shane",669456,2022,"200.0",18,25,4.6,"5","2.88",".243",".398",".294","89.9","10",7.2,43.1,31.8,29.7
"Morton, Charlie",450203,2023,"163.1",14,25.6,11.6,"4","3.64",".244",".403",".330","88.9","9.9",7.8,39.1,28.2,32.2
"Gray, Sonny",543243,2023,"184.0",8,24.3,7.3,"6","2.79",".240",".372",".298","89.1","9.6",6.9,39.2,28.4,26.1
"Wheeler, Zack",554430,2023,"192.0",20,26.9,5,"1","3.61",".227",".356",".278","86.9","14.2",5.1,36.4,32.1,28.6
"Bassitt, Chris",605135,2023,"200.0",28,22.5,7.1,"4","3.60",".238",".409",".310","87.5","13.2",8.3,35.3,27,21.9
"Nola, Aaron",605400,2023,"193.2",32,25.5,5.7,"2","4.46",".235",".408",".297","89.3","12.7",8.3,38.5,34.7,26
"Snell, Blake",605483,2023,"180.0",15,31.5,13.3,"13","2.25",".205",".352",".301","87.2","10.6",7.4,33.8,27.9,37.3
"Castillo, Luis",622491,2023,"197.0",28,27.3,7,"3","3.34",".226",".414",".302","90","15.9",9.4,41.8,31.3,30.6
"Cease, Dylan",656302,2023,"177.0",19,27.3,10.1,"14","4.58",".239",".386",".314","90","15.4",6.2,41.6,28.2,31
"Montgomery, Jordan",656756,2023,"188.2",18,21.4,6.2,"6","3.20",".249",".409",".308","88.3","12",7.5,37.9,30,26
"Webb, Logan",657277,2023,"216.0",20,22.8,3.6,"1","3.25",".251",".397",".296","90.7","0.6",6.9,46,32.5,20.8
"Javier, Cristian",664299,2023,"162.0",25,23.1,9,"4","4.56",".228",".451",".325","89.1","23.8",9.4,38.3,29.3,27.1
"Luzardo, Jesús",666200,2023,"178.2",22,28.1,7.4,"7","3.58",".230",".416",".307","89.5","14.5",9.5,40,31.3,31.4
"Gallen, Zac",668678,2023,"210.0",22,26,5.6,"8","3.47",".250",".434",".315","91.5","12.3",9.2,46.2,30,26.4
"Burnes, Corbin",669203,2023,"193.2",22,25.5,8.4,"10","3.39",".221",".347",".287","86.4","10.5",5.3,32.4,30,28.8
"Gilbert, Logan",669302,2023,"190.2",29,24.5,4.7,"6","3.73",".238",".411",".295","90.5","13.6",9,44.6,29.8,26.4
"Kirby, George",669923,2023,"190.2",22,22.7,2.5,"1","3.35",".258",".427",".305","89.2","12.4",7.5,40.9,32.9,22.9
"Oviedo, Johan",670912,2023,"177.2",19,20.2,10.6,"7","4.31",".245",".407",".330","88.6","11.9",7.6,40.2,24.7,26
"Senga, Kodai",673540,2023,"166.1",17,29.1,11.1,"14","2.98",".222",".369",".305","89","12.8",6.8,40.6,27.5,29.7
"Strider, Spencer",675911,2023,"186.2",22,36.8,7.6,"6","3.86",".202",".347",".273","88.5","17",8.2,36.1,34.3,38.6
"Sears, JP",676664,2023,"172.1",34,21.9,7.2,"2","4.54",".243",".457",".332","88.6","22.6",11.1,38.4,29.5,24.8
"Morton, Charlie",450203,2024,"165.1",23,23.8,9.3,"2","4.19",".242",".415",".331","88.7","9",9.3,38.4,28,26.1
"Quintana, Jose",500779,2024,"170.1",22,18.8,8.8,"7","3.75",".254",".414",".330","88","10.7",6.7,38.2,28,22.2
"Anderson, Tyler",542881,2024,"179.1",24,18.6,9.5,"3","3.81",".244",".423",".326","87.2","17.6",7.9,33,29.5,27.8
"Gray, Sonny",543243,2024,"166.1",21,30.3,5.8,"7","3.84",".235",".401",".300","89.6","11.5",8.9,37.9,30.7,29.8
"Wheeler, Zack",554430,2024,"200.0",20,28.5,6.6,"8","2.57",".194",".333",".262","86.5","13.5",8.3,33.6,33.8,27.5
"Bassitt, Chris",605135,2024,"171.0",18,22.2,9.2,"2","4.16",".254",".407",".330","87.8","14.3",7.5,37.1,24.6,21.7
"Nola, Aaron",605400,2024,"199.1",30,24,6.1,"2","3.57",".242",".398",".304","88.5","12",7.2,38.2,32.1,25.2
"Rodón, Carlos",607074,2024,"175.0",31,26.5,7.7,"3","3.96",".224",".429",".316","90.4","18.1",11,40.9,30.7,30.1
"Fedde, Erick",607200,2024,"177.1",20,21.2,7.2,"3","3.30",".242",".404",".309","88.6","14.9",7.6,37.7,24.5,21.6
"Lugo, Seth",607625,2024,"206.2",16,21.7,5.7,"4","3.00",".240",".400",".304","88.5","10.7",8,39,27.9,22.5
"Fried, Max",608331,2024,"174.1",13,23.2,8,"6","3.25",".245",".365",".304","86.3","3",5,34.6,28.9,24.1
"Castillo, Luis",622491,2024,"175.1",25,24.3,6.5,"0","3.64",".243",".422",".313","89.7","16.3",8.5,41.9,31,25.9
"Severino, Luis",622663,2024,"182.0",23,21.2,7.9,"6","3.91",".239",".381",".307","87.1","12.7",5.7,35.6,29.7,22
"Manaea, Sean",640455,2024,"181.2",21,24.9,8.5,"4","3.47",".225",".388",".304","88.6","16.3",7.5,37.8,28.6,26.1
"Cortes, Nestor",641482,2024,"174.1",24,22.8,5.5,"2","3.77",".234",".407",".298","89.7","22.4",7.9,43.6,27.4,24.2
"Canning, Griffin",656288,2024,"171.2",31,17.6,8.9,"6","5.19",".257",".448",".338","90.5","14.3",8.6,41.9,29.2,24.5
"Cease, Dylan",656302,2024,"189.1",18,29.4,8.5,"12","3.47",".209",".367",".286","89","14.1",8.5,38.6,30.5,32.4
"Webb, Logan",657277,2024,"204.2",11,20.5,5.9,"4","3.47",".270",".421",".326","89.8","2.5",7,46.2,33,20.8
"Singer, Brady",663903,2024,"179.2",22,22.3,7.1,"2","3.71",".265",".437",".336","88.9","8.9",8,41.7,26.1,25.1
"Ragans, Cole",666142,2024,"186.1",15,29.3,8.8,"11","3.14",".213",".344",".284","88.3","15.2",6.2,35.4,29.8,32
"Burnes, Corbin",669203,2024,"194.1",22,23.1,6.1,"7","2.92",".229",".371",".286","87.5","11",6.7,31.6,33.1,28.6
"Gilbert, Logan",669302,2024,"208.2",26,27.4,4.6,"11","3.23",".220",".373",".276","89.6","12.6",7.2,39.3,29.9,31.7
"Kirby, George",669923,2024,"191.0",22,23,3,"5","3.53",".232",".403",".290","89","14.8",8.1,36.3,31.9,24.1
"Bibee, Tanner",676440,2024,"173.2",22,26.3,6.2,"2","3.47",".235",".401",".304","88.4","17.7",7,36.9,26.8,26.9
"Sears, JP",676664,2024,"180.2",28,18.1,6.5,"0","4.38",".240",".454",".328","89.3","18.1",10.2,40.2,27.6,21.8
"Brown, Hunter",686613,2024,"170.0",18,25.1,8.4,"4","3.49",".223",".338",".286","86.2","9.6",4.5,30.3,27.4,25.1
"Pfaadt, Brandon",694297,2024,"181.2",24,24.3,5.5,"1","4.71",".243",".402",".303","89.4","14.1",8.1,39.4,29.6,25.4
"Gray, Sonny",543243,2025,"180.2",25,26.7,5,"2","4.28",".250",".416",".306","88.9","11",9.8,40.7,31.2,27.5
"Boyd, Matthew",571510,2025,"179.2",19,21.4,5.8,"2","3.21",".240",".398",".301","88.5","18",9,38,28.8,23.1
"deGrom, Jacob",594798,2025,"172.2",26,27.7,5.5,"3","2.97",".221",".391",".286","90.1","16",9.2,41.9,32.4,30.2
"Pivetta, Nick",601713,2025,"181.2",22,26.4,6.9,"1","2.87",".228",".424",".309","90.3","19.1",10.9,45,28.2,24.6
"Bassitt, Chris",605135,2025,"170.1",22,22.6,7.1,"4","3.96",".252",".400",".316","87.7","10.5",8.5,36.6,25.2,23.3
"Holmes, Clay",605280,2025,"165.2",14,18.2,9.3,"6","3.53",".245",".394",".322","89.7","4.4",6.8,42.3,29.4,22.1
"Rodón, Carlos",607074,2025,"195.1",22,25.7,9.3,"4","3.09",".206",".351",".286","88.6","12.8",7.5,38.9,29.2,30.3
"Fried, Max",608331,2025,"195.1",14,23.6,6.4,"8","2.86",".233",".358",".287","87.2","6.9",6.9,37.2,27.6,26.6
"Castillo, Luis",622491,2025,"180.2",23,21.7,6.2,"3","3.54",".245",".418",".312","90.3","14.5",10.4,46.4,28.8,24.6
"Severino, Luis",622663,2025,"162.2",16,17.6,7.1,"3","4.54",".266",".416",".331","88.3","14",6,41.9,26.3,18.3
"Cease, Dylan",656302,2025,"168.0",21,29.8,9.8,"5","4.55",".214",".359",".290","88.9","16.6",8.6,37.5,31,33.4
"Webb, Logan",657277,2025,"207.0",14,26.2,5.4,"2","3.22",".246",".385",".295","89.7","5.7",8.3,40.2,29.7,24.7
"Singer, Brady",663903,2025,"169.2",19,22.8,8.4,"3","4.03",".243",".409",".320","90.3","14.2",9.4,40.7,25.6,24
"Luzardo, Jesús",666200,2025,"183.2",16,28.5,7.5,"2","3.92",".228",".355",".285","88.5","13.1",6.6,37.1,30.5,30.8
"Gallen, Zac",668678,2025,"192.0",31,21.5,8.1,"2","4.83",".242",".434",".320","90.1","12.4",9.7,43,28.6,23.7
"Bibee, Tanner",676440,2025,"182.1",27,21.3,7.1,"3","4.24",".227",".385",".297","88.5","13.8",8,36.6,25.4,23.8
"Crochet, Garrett",676979,2025,"205.1",24,31.3,5.7,"7","2.59",".210",".347",".266","87.7","10.5",7.3,37.3,32.6,29.4
"Parker, Mitchell",680730,2025,"164.2",25,14.2,8,"3","5.68",".297",".507",".370","92.3","14.7",9.6,50,29.1,19.6
"Brown, Hunter",686613,2025,"185.1",17,28.3,7.8,"0","2.43",".217",".339",".277","86.1","10.1",5.9,32.2,29.4,27.8
"Pepiot, Ryan",686752,2025,"167.2",26,24.6,9,"5","3.86",".225",".401",".311","90.1","15.9",9.7,42.5,28.6,26
"Woo, Bryan",693433,2025,"186.2",26,27.1,4.9,"3","2.94",".215",".374",".274","89.1","13.8",9.1,41.8,30.1,26.2
"Pfaadt, Brandon",694297,2025,"176.2",26,19.2,4.8,"3","5.25",".284",".494",".352","90.8","12.5",10.9,45.8,30.3,22.1
"Holmes, Clay",605280,2026,"30.0",3,15.8,8.3,"2","2.10",".261",".392",".325","88.7","4",5.6,42.2,33.3,23.1
"Nola, Aaron",605400,2026,"31.1",6,25,9.3,"0","6.03",".267",".460",".345","89.3","14.2",9.8,41.3,31.9,27.6
"Glasnow, Tyler",607192,2026,"33.0",2,31.7,5.8,"0","2.45",".183",".306",".236","90.8","14.4",5.3,38.7,29.9,29.6
"Lugo, Seth",607625,2026,"37.2",1,20.8,7.4,"0","2.63",".265",".437",".327","89.3","17.5",9.3,33.6,27.9,20.1
"Fried, Max",608331,2026,"41.1",1,20.9,6.8,"0","2.40",".193",".260",".239","86.1","11.1",2.4,30.2,29.6,23
"Severino, Luis",622663,2026,"31.1",4,23.4,15.3,"0","5.17",".247",".430",".360","89.4","13.2",11,45.1,27.4,23.4
"Griffin, Foster",656492,2026,"33.2",5,21.9,7.3,"1","2.67",".256",".448",".335","88.9","14.7",12.6,37.9,32.2,25.2
"Holmes, Grant",656550,2026,"32.1",5,18.5,10.4,"2","3.62",".238",".412",".322","89.9","13.6",7.3,42.7,31.9,30.4
"Webb, Logan",657277,2026,"37.0",2,19.9,8.1,"0","4.86",".275",".406",".332","91.2","2.5",6.2,49.6,31.6,20.1
"Singer, Brady",663903,2026,"29.0",5,14.2,5.2,"1","4.97",".295",".483",".360","92.4","15.1",8.5,46.2,27.1,21
"Cabrera, Edward",665795,2026,"29.2",2,18.5,9.2,"0","2.73",".242",".376",".307","91.2","12.5",10.5,37.2,33.2,24.9
"Gilbert, Logan",669302,2026,"33.0",3,25.7,5.1,"2","4.36",".264",".391",".308","91.3","18.3",7.6,46.7,30.1,30.5
"Rogers, Trevor",669432,2026,"30.1",3,20.3,7.5,"2","4.75",".243",".381",".305","88.4","19.5",6.3,31.6,34.8,27
"Kirby, George",669923,2026,"39.1",4,19,5.9,"0","2.97",".221",".327",".271","90","8.7",4.4,45.1,35.8,20.7
"Bradley, Taj",671737,2026,"34.0",4,25.2,8.8,"1","2.91",".249",".408",".326","94.1","18.5",7.4,46.3,27.3,24.2
"Cantillo, Joey",676282,2026,"30.1",4,27.2,10.4,"2","3.26",".226",".388",".312","90","13.3",10.4,42.9,26,27.4
"Bibee, Tanner",676440,2026,"30.1",5,19.8,8.4,"2","4.45",".271",".441",".339","93.1","13.6",8.5,53.2,26.1,27.5
"Crochet, Garrett",676979,2026,"30.0",5,26.8,8,"2","6.30",".262",".442",".345","89.6","14.3",10.5,45.3,30.1,24
"Cecconi, Slade",677944,2026,"30.1",6,18,9.4,"1","6.23",".278",".486",".367","87.2","13.3",12.2,37.8,27.8,21.9
"Ashcraft, Braxton",677952,2026,"29.2",1,27.6,7.8,"0","2.43",".175",".249",".231","89","14.4",4.1,31.1,33.8,30.9
"Burrows, Mike",681347,2026,"31.2",7,23.1,8.4,"0","6.25",".241",".393",".311","88","15.2",7.2,37.1,33,28
"Kochanowicz, Jack",686799,2026,"29.0",1,16.3,12.2,"1","3.10",".263",".396",".339","90.2","4.5",6.7,40.4,26.5,22.9
"McLean, Nolan",690997,2026,"35.1",2,33.3,7.4,"0","2.55",".188",".279",".242","85.2","9.8",6.3,31.6,26.7,28.6
"Woo, Bryan",693433,2026,"35.0",4,19.1,4.3,"0","3.86",".245",".415",".304","89.4","21.6",8.5,48.1,30.1,23.3
"Schlittler, Cam",693645,2026,"35.2",1,30.8,3,"0","1.77",".206",".330",".244","86.8","10.3",6.8,38.6,41.1,29.9
"Roupp, Landen",694738,2026,"35.1",1,27,10.2,"1","2.55",".199",".248",".256","85.7","7",0,25.6,28.6,25.1
"Misiorowski, Jacob",694819,2026,"32.2",4,37.2,9.5,"2","3.31",".201",".296",".279","87.3","13.9",4.4,36.8,30.8,39.5